,key,average,Count
0,vic,76.02752290557117,218.00100723038264
1,other,77.34090910450996,88.0004065025068
2,nsw,77.06042290688089,331.0015292596594
3,qld,75.30107530389192,186.0008591298205
4,sa,71.6341466309089,82.00037849043021
5,wa,77.30434762936115,92.00042522761986
