,key,average,Count
0,vic,76.34379460056462,701.003237851185
1,other,76.91538475435803,260.0012005535215
2,nsw,75.44275581332565,987.0045594408016
3,qld,75.38504673168642,535.0024713084621
4,sa,73.46411484447123,209.0009654644845
5,wa,76.09926470335886,272.0012564378748
