,key,average,Count
0,vic,75.99481327244565,964.004453134809
1,other,76.91142857422335,350.0016167502557
2,nsw,75.35658914443269,1290.005959087078
3,qld,74.67201167605745,686.0031687229923
4,sa,72.29616727124713,287.00132568441586
5,wa,76.61388885946374,360.00166309422445
