,key,average,Count
0,vic,75.90454543165711,440.0020326771669
1,other,75.15675689724172,185.00085429300967
2,nsw,75.4527439407077,656.0030299941698
3,qld,76.24864868790927,370.00170899897387
4,sa,72.3461538631626,156.00072062905264
5,wa,75.83522729969816,176.00081300033938
