,key,average,Count
0,vic,76.1178965099754,1179.005446421276
1,other,76.13921113845885,431.0019909008203
2,nsw,75.2366937987934,1597.0073772168093
3,qld,75.76651480235411,878.004055867926
4,sa,72.86871507363259,358.0016537766796
5,wa,76.24269665071908,445.0020555265373
