state,Average_Age,Count
vic,75.92099793365078,962.0007739006222
other,77.19770774237124,349.00028078488936
nsw,75.31395348330818,1290.0010381267298
qld,74.64441217508534,689.0005545800575
sa,72.69999999834347,290.00023334381734
wa,76.47683925940862,367.0002952055716
