state,Average_Age,Count
vic,75.94808127085999,443.00035640223666
other,75.7671957790753,189.00015206842411
nsw,75.91705069491722,651.0005238080962
qld,75.70460705295335,369.00029689149187
sa,72.55769237728539,156.0001253536461
wa,76.2777778477975,180.0001447050211
