state,Average_Age,Count
vic,76.01395342351339,215.00099335469466
other,76.43023234528995,86.00039754487514
nsw,77.29129134008869,333.0015380815109
qld,74.75274720923439,182.00084076103033
sa,72.96470570424388,85.00039286418553
wa,77.3195874927238,97.00044828804326
