state,Average_Age,Count
vic,76.69929076064355,705.0005675028353
other,76.17358499006707,265.0002128765726
nsw,75.55510203075593,980.0007887156949
qld,75.34758363265848,538.000432977439
sa,73.26699032646901,206.0001656547629
wa,76.50370371687065,270.00021718389775
